Ketone transport,Ketone utilization,PMAS in e,GLU synaptic flux,PMAS in i,GAD67,GAD65,GT,GABA synaptic flux,Anaplerosis,GDH,GS,GLN uptake in e,GLN uptake in i,GLN efflux,CMRglc,CMRglc(ox)N,VPMAS,timestamp
0.00047525787095731585,0.0016058375876988565,0.1903924673331909,0.19120749129283565,0.04775344027329294,0.0480635075000875,0.047930456183443264,0.04808642047901576,0.047933188760640996,0.06,0.04830859634813485,0.25082826844297673,0.1903924673331909,0.04775344027329294,0.011692992251260028,0.4088418438140272,0.27903455840307356,0.23814590760648385,2.3280022923645447
-2.6806125025118402e-5,0.006455929560399523,0.18789429852008926,0.1911022576317843,0.04720890740057973,0.047891554769279636,0.047905933888784204,0.04808346234352011,0.04792162210434863,0.06,0.048312602937517324,0.25068906164441623,0.18789429852008926,0.04720890740057973,0.011705410187984155,0.40526090365561157,0.27659056674495486,0.235103205920669,5.179572512606683
-0.001318629806831637,0.018983936665619115,0.18144141539607134,0.19044021820777693,0.04580235434204504,0.04705420442237999,0.0477843292361748,0.048048131732673596,0.047832739233350186,0.06,0.04834804853647534,0.24983972580126562,0.18144141539607134,0.04580235434204504,0.011782739264149217,0.3960111731349309,0.27027762566459035,0.22724376973811639,10.850951381606137
-0.0024616505084042156,0.030127596882595253,0.17570157694052352,0.1892626646400937,0.04455122563260099,0.045945985914740625,0.04761758233281625,0.04795558672817498,0.04768230966912087,0.06,0.04842342615315086,0.24837533934896028,0.17570157694052352,0.04455122563260099,0.011917900173324385,0.38778353938956733,0.2646622656333797,0.22025280257312452,16.257114187361367
-0.0035638712911610455,0.04092611532541566,0.1701395129315527,0.18724081659138864,0.04333884691858633,0.044569173180501756,0.04740062731178499,0.047745684169660574,0.0474657207009989,0.06,0.048565716192344704,0.2459431493921732,0.1701395129315527,0.04333884691858633,0.012144099979339944,0.37981073216014977,0.2592208246993022,0.21347835985013902,23.072412575098497
-0.0043500165280622154,0.04865980382353389,0.16615607106591657,0.1847136999496438,0.04247056490697648,0.04334527947090573,0.047197998804418335,0.04741259802169342,0.04725302589107104,0.06,0.04874869314401736,0.24300391696814055,0.16615607106591657,0.04247056490697648,0.012417692567648917,0.3741007629736957,0.2553237707295473,0.20862663597289305,30.421922748109864
-0.004851411472858034,0.053606158933074535,0.16360831936497308,0.1818239665227219,0.04191522431293862,0.0423083225713617,0.04701860313622252,0.046934596877139294,0.04706185403089869,0.06,0.04894983457760954,0.23974006319514848,0.16360831936497308,0.04191522431293862,0.01271944123584907,0.37044874941411043,0.25283127147513035,0.2055235436779117,38.590793844286964
-0.005086816965364112,0.055932223121792954,0.1624102181647822,0.17890561657831724,0.04165407082926707,0.041464343884338596,0.04686703996765089,0.04632010735365321,0.0469011374863776,0.06,0.049132980884190464,0.23651876898710203,0.1624102181647822,0.04165407082926707,0.013013280280199276,0.36873135998906076,0.25165915319253396,0.20406428899404927,47.35223890575253
-0.005107504099260205,0.05613674924524258,0.1623048715474516,0.1761100154797131,0.04163110813120407,0.04073038220773056,0.04673096509717145,0.04554699975588004,0.04675896507433156,0.06,0.049281347767310225,0.23348220611697212,0.1623048715474516,0.04163110813120407,0.01328529977879615,0.3685803534075303,0.25155609120063943,0.20393597967865568,56.98591403314276
-0.0049582928107510076,0.05466196667037416,0.16306449752060412,0.17373848207408063,0.041796685938107675,0.04007916470337468,0.046606751809059,0.04464751180116694,0.046631432199484,0.06,0.04937975203608478,0.23093010351312593,0.16306449752060412,0.041796685938107675,0.013509171814657961,0.3696692210366399,0.25229924335750675,0.2048611834587118,67.12458142097785
-0.0046860671089818794,0.05197380716258202,0.16444910554140202,0.1718898457716877,0.042098492837302263,0.03946102096523707,0.0464856930563757,0.043630046287109876,0.046508686480094465,0.06,0.049431037558765094,0.2289450086361457,0.16444910554140202,0.042098492837302263,0.01367919674953116,0.3716539541897144,0.2536538237344801,0.2065475983787043,77.83192277720445
-0.004336037593535644,0.048522054308434065,0.16622702261582104,0.17064330358137458,0.04248603041558835,0.038862331587414964,0.04636539925484909,0.04253933931234809,0.04638795452481175,0.06,0.04944035531692637,0.22759625002447342,0.16622702261582104,0.04248603041558835,0.013790957011373495,0.374202466770902,0.2553931835711406,0.20871305303140938,88.90236214333345
-0.003943658545667363,0.044658950594139844,0.16821681688676413,0.16998175985067698,0.042919751461493044,0.03828155593034246,0.04624573039018161,0.04142091147028466,0.04626619513441393,0.06,0.04941673980401272,0.22686285869616926,0.16821681688676413,0.042919751461493044,0.013847763290700973,0.3770546896368816,0.2573398256771717,0.21113656834825717,100.25709671195546
-0.00354269487094243,0.040718159549138086,0.1702466260827517,0.16984269603235944,0.04336219467299823,0.03774264980460802,0.04613197018922855,0.04034589318387074,0.0461577973508666,0.06,0.049360381721600156,0.22666903320239237,0.1702466260827517,0.04336219467299823,0.013856000137878223,0.3799642709372778,0.2593256149146921,0.21360882075574994,111.62881659645609
-0.0031880989763214203,0.037238824060385194,0.17203875032642457,0.1700799535233795,0.0437528290278698,0.037308941430254136,0.046038450995825986,0.03945151665800413,0.04604708769200504,0.06,0.0493074208156457,0.22690798835276965,0.17203875032642457,0.0437528290278698,0.013829290786980862,0.3825331484444271,0.26107887381332145,0.21579157935429438,121.88040170262502
-0.0028760927641743738,0.03418182831531007,0.17361333725696454,0.17053522096095877,0.04409604616360814,0.036969592877851336,0.04596402019889286,0.038719508240246114,0.045986720618530444,0.06,0.04922364772696311,0.2273458141440257,0.17361333725696454,0.04409604616360814,0.013782095634452854,0.3847902023084077,0.26261931307548825,0.21770938342057267,131.25997424234083
-0.002588896915125244,0.03137159136890959,0.1750608245080185,0.171144812380457,0.0444115590252284,0.03670327990716568,0.0459048170786221,0.03810497804646762,0.04591376055406076,0.06,0.049153587914392394,0.22799263294859373,0.1750608245080185,0.0444115590252284,0.013719556599328948,0.38686506818572947,0.26403540903676037,0.21947238353324688,140.33753265450468
-0.0023148871206765853,0.02869365449057545,0.1764401670917395,0.17189064678696164,0.04471221820231446,0.036502323385781424,0.045859673966302625,0.03758615530952853,0.045871085771511035,0.06,0.049062746943284274,0.22877427266895753,0.1764401670917395,0.04471221820231446,0.013643012748402534,0.38884225372433473,0.2653848381668584,0.22115238529405398,149.5266464142187
-0.002049868219474749,0.026106622270965864,0.17777268681423022,0.17276218008277403,0.045002671268828426,0.03636985804886508,0.04582969313991462,0.03716202946362792,0.04583327798732971,0.06,0.04897061630111863,0.22971695890968472,0.17777268681423022,0.045002671268828426,0.013552892405068654,0.39075232215570854,0.2666884598712711,0.22277535808305865,159.0424034776588
-0.0017992544845451266,0.023662949899139078,0.17903136523581412,0.17372203309083656,0.04527702893958818,0.03631283739845533,0.045816732483676514,0.036845667505089136,0.04582036247630334,0.06,0.048866239729120575,0.2307592652147786,0.17903136523581412,0.04527702893958818,0.013452681181551487,0.3925565445456219,0.2679198416523869,0.2243083941754023,168.7569889777078
-0.001566311017852597,0.02139396137529221,0.18020006809742267,0.17473370533907384,0.045531774384828805,0.036330459595900214,0.04582074152715086,0.036638374583920344,0.04581667832704406,0.06,0.0487644316312751,0.23188340949614616,0.18020006809742267,0.045531774384828805,0.013345824600345734,0.3942317936274456,0.2690631991507316,0.22573184248225148,178.56801146610815
-0.0013532309981654864,0.019320462607231886,0.18126807876310258,0.1757618553944741,0.045764571669312144,0.03641561819614148,0.04584007023742147,0.03653278244766552,0.0458375797874498,0.06,0.04865493413261996,0.23302735352013582,0.18126807876310258,0.045764571669312144,0.013235999530810328,0.3957627078964462,0.2701080481393245,0.22703265043241472,188.3642554633061
-0.0011599710874030734,0.017441493129331326,0.18223589194620954,0.1767814332037839,0.04597552862709782,0.03655764664860737,0.0458721424771434,0.03651518474145624,0.045861965567419456,0.06,0.04855425567851022,0.23418705320783229,0.18223589194620954,0.04597552862709782,0.013125819373377909,0.3971499964876159,0.2710548726027978,0.22821142057330734,198.09287364881675
-0.000984809423861322,0.015739844824217288,0.18311237114508458,0.17777923402356072,0.046166577259813824,0.03674595302925125,0.04591435101592075,0.036570540621226326,0.04590730948857384,0.06,0.04844767546831138,0.23531823202669838,0.18311237114508458,0.046166577259813824,0.013016912727640252,0.3984063645700318,0.2719123438190467,0.2292789484048984,207.76919376142177
-0.0008259046845793044,0.014197246393597113,0.1839069274776667,0.17874708603256728,0.046339768935269976,0.036971087186205655,0.04596435041482389,0.036685261366270386,0.04595063116629142,0.06,0.0483522647284434,0.23643831818667327,0.1839069274776667,0.046339768935269976,0.012910234594757328,0.3995453022849471,0.2726896688094764,0.23024669641293669,217.4207924223956
-0.0006815652333935964,0.01279696437903948,0.18462817995658973,0.1796797459220473,0.04649698236385804,0.0372249337904237,0.04602012928546877,0.036847666258120394,0.04601026367906309,0.06,0.048252368289004026,0.23751087493214265,0.18462817995658973,0.04649698236385804,0.012806640675989873,0.4005791643492668,0.27339527966837457,0.23112516232044777,227.07720359071573
-0.0005505935009987422,0.011527124839285634,0.18528224457097478,0.18057178981237265,0.046639550664904494,0.03749999321328285,0.04607986664268619,0.037047425986882127,0.04606438473605368,0.06,0.04816476427316267,0.2385562299510044,0.18528224457097478,0.046639550664904494,0.012706828854564737,0.40151671758088453,0.2740351597489537,0.23192179523587927,236.7443228690372
-0.0004318620564750923,0.010376584067623627,0.18587486118322577,0.1814195697158347,0.046768724972338895,0.03778983325622383,0.046142037342177554,0.037275664582341134,0.04613098743064714,0.06,0.04807423441797439,0.23954057891424463,0.18587486118322577,0.046768724972338895,0.012611497171029358,0.40236618964787396,0.27461492443467395,0.23264358615556466,246.42737933902572
-0.00032451402387394793,0.009336861123490088,0.18641039812725085,0.1822193715529804,0.04688545746417238,0.03808847894461068,0.04620527875421175,0.037524405312063,0.046189202236679036,0.06,0.04799730402163022,0.24048635846453253,0.18641039812725085,0.04688545746417238,0.012521150373513932,0.40313384223368687,0.2751388473244913,0.23329585559142324,256.1123923712603
-0.00022753201158790635,0.008397954255796564,0.1868940070708505,0.18297025333850248,0.04699087106390472,0.03839141699058318,0.04626859709527225,0.03778731919524017,0.04625745938293606,0.06,0.0479183664247861,0.24136288384513654,0.1868940070708505,0.04699087106390472,0.012436165153799294,0.40382705987295237,0.27561196836329,0.23388487813475523,265.8016211130471
-0.00014008916942835766,0.007551736492821401,0.18732987402687032,0.18367128045770328,0.047085878208512996,0.03869460581536283,0.04633114511147525,0.03805887191764196,0.046315280675610616,0.06,0.04785393886633154,0.2421969203218732,0.18732987402687032,0.047085878208512996,0.012356692968628746,0.4044518429053688,0.2760383827829142,0.2344157522353833,275.4836298929331
-6.122837554452795e-5,0.006788845236163164,0.18772282145052716,0.18432384691701462,0.04717153006210549,0.03899542388879643,0.046392406288928524,0.03833511092950651,0.046381780714295204,0.06,0.04778774881136155,0.24296015074976368,0.18772282145052716,0.04717153006210549,0.01228280552005208,0.4050151039636844,0.2764228084552146,0.23489435151263266,285.1672855488159
9.79627425539343e-6,0.006101982940657119,0.18807660813646776,0.1849287806030658,0.047248645939708546,0.0392914084195991,0.046451922313605426,0.03861249763215367,0.04643675324288015,0.06,0.047736322058832846,0.24368241299969146,0.18807660813646776,0.047248645939708546,0.01221440144061313,0.40552223100191864,0.2767689226588095,0.2353252540761763,294.8451494681176
7.379562313319173e-5,0.005483241496848935,0.18839530736670815,0.185488442532759,0.04731811370604368,0.03958117884835742,0.04650947139423093,0.03888871177025467,0.04649967053792901,0.06,0.04768297103410179,0.24433635581329172,0.18839530736670815,0.04731811370604368,0.012151398025575813,0.4059790627684665,0.2770807103394784,0.23571342107275184,304.5270978868357
0.00013139365976945477,0.004926534034660728,0.18868205434550517,0.18600443308844816,0.04738061675038853,0.039863280163218766,0.04656482785458491,0.03916153356794987,0.046550578888710066,0.06,0.0476441791993631,0.24495337740839654,0.18868205434550517,0.04738061675038853,0.012093557523258712,0.4063900933466619,0.27736123870909674,0.23606267109589368,314.2057002718702
0.0001832506706484142,0.004425434522286961,0.18894015897138003,0.18647939158612375,0.047436876540620114,0.04013706684272493,0.046617932218609215,0.03942965421022202,0.04660910034105258,0.06,0.04760300467571873,0.2455063602808034,0.18894015897138003,0.047436876540620114,0.012040727717450612,0.4067600672311411,0.2776137458852538,0.23637703551200015,323.888603206904
0.00022988702209508015,0.003974878793407377,0.18917222967782987,0.18691530780951307,0.04748746164431406,0.04040175662529613,0.04666870086310136,0.03969173966448902,0.0466554429486018,0.06,0.0475759161178189,0.2460276610118097,0.18917222967782987,0.04748746164431406,0.011992587873756648,0.40709272341832897,0.2778407837330095,0.23665969132214393,333.5685026590654
0.0002718420268887561,0.0035696274276773264,0.18938096516759628,0.18731486842500392,0.04753296030528668,0.040657175109383305,0.04671716747290383,0.03994714029770808,0.046709336427110004,0.06,0.04754576530170995,0.24649006032459217,0.18938096516759628,0.04753296030528668,0.011948952876451818,0.4073919302989332,0.2780449924290219,0.23691392547288295,343.2515331952727
0.0003095518583297752,0.0032054437649170677,0.1895685476451389,0.18768023623273164,0.04757384818477314,0.04090300335117972,0.046763336095660114,0.04019513351162704,0.04675106063184903,0.06,0.04752906226655263,0.24692654043544596,0.1895685476451389,0.04757384818477314,0.011909454953210535,0.4076608159015893,0.27822850685283473,0.23714239582991203,352.931661562523
0.0003434566817597926,0.0028780577827392136,0.18973717649900945,0.18801399152934398,0.04761060468967341,0.04113935860458375,0.046807289961887315,0.0404354923193943,0.04680042503475399,0.06,0.047508506888403655,0.2473095668443753,0.18973717649900945,0.04761060468967341,0.011873903900314184,0.4079025328870572,0.27839347869541653,0.23734778118868285,362.6141868395043
0.00037391900697976866,0.0025839536135261265,0.18988866267029586,0.1883182811598535,0.04764362455590274,0.04136621456661214,0.04684908137253139,0.04066789266673981,0.04683773684698891,0.06,0.047500680602408585,0.2476724238796602,0.18988866267029586,0.04764362455590274,0.011841916855724315,0.4081196771053979,0.27854167962443405,0.2375322872261986,372.2943370521789
0.0004012959054878074,0.0023196713305575004,0.19002478828623953,0.1885954715770807,0.047673296238741364,0.04158384750337654,0.04688881425345634,0.04089235922571501,0.04688284918317143,0.06,0.047488194545823134,0.24798715094422197,0.19002478828623953,0.047673296238741364,0.011813319076241923,0.40831480310415563,0.2786748531185862,0.2376980845249809,381.9765531697594
0.00042588582640948396,0.002082319750208187,0.19014704252783055,0.18884757290033266,0.04769994433915227,0.041792400533258126,0.0469265634811906,0.041108813859085824,0.0469160762997886,0.06,0.047487712052331495,0.24828709878592237,0.19014704252783055,0.04769994433915227,0.011787734484425433,0.4084900455140976,0.2787944560633716,0.2378469868669828,391.65690525132413
0.0004479775323769195,0.001869103447580355,0.19025686525298044,0.18907669262265717,0.04772388270700854,0.041992226431405315,0.046962437537825585,0.04131742397118359,0.0469572937777893,0.06,0.04748180133093513,0.24854384928570306,0.19025686525298044,0.04772388270700854,0.011765014927532354,0.4086474682650076,0.27890189709086766,0.23798074795998897,401.33900773681853
0.0004678154591330237,0.0016776566707203853,0.19035547500512792,0.18928464776769252,0.04774537695164596,0.04218356084286929,0.04699651936143661,0.04151825986980625,0.046986808194068704,0.06,0.04748721234224424,0.2487906888546775,0.19035547500512792,0.04774537695164596,0.011744803230565443,0.40878881804874695,0.2789983683182698,0.23810085195677388,411.01955731786074
0.00048563302766502995,0.0015057214490399693,0.19044403481205388,0.18947328053153478,0.047764680581496514,0.04236678619075904,0.04702891398924714,0.04171156676854562,0.04702451022202175,0.06,0.047486498439349156,0.24899875228452686,0.19044403481205388,0.047764680581496514,0.011726982526796471,0.40891576197958923,0.2790850075510697,0.2382087153935504,420.70155986838836
0.0005016297107930475,0.0013513686163809649,0.1905235383420762,0.18964419415912168,0.047782010189234336,0.04254218254862594,0.047059704364426774,0.041897500875609214,0.04705068857166098,0.06,0.04749649553229368,0.249201192383045,0.1905235383420762,0.047782010189234336,0.011711220550105388,0.4090297244075483,0.2791627869081517,0.23830554853131053,430.3822141217006
0.0005159941260225197,0.0012127747204613288,0.19059492481277027,0.18979897614198935,0.047797570498752266,0.042710134069669885,0.047088988158629545,0.04207634473506142,0.047085245673922034,0.06,0.04749976032100973,0.24936872905750188,0.19059492481277027,0.047797570498752266,0.011697432815072564,0.4091320516315275,0.2792326252385175,0.23839249531152254,440.06410351469276
0.0005288885583984937,0.0010883711670193934,0.1906590021703126,0.189939015747112,0.04781153762034764,0.042870935064123115,0.04711684397838746,0.042248299902677144,0.047108447613478044,0.06,0.04751320800933556,0.2495343465157254,0.1906590021703126,0.04781153762034764,0.011685314068901715,0.4092239017825921,0.2792953129666191,0.23847053979066024,449.7448208888509
0.0005404652961790222,0.0009766864428990061,0.19071652835667516,0.19006566487890178,0.04782407676476093,0.04302495448252195,0.04714336036758931,0.04241366031531509,0.04714020610527426,0.06,0.047519410364025,0.24966839373263258,0.19071652835667516,0.04782407676476093,0.011674811079771339,0.40930636131448045,0.2793515915971329,0.2385406051214361,459.4266189596274
0.0005508560442727726,0.0008764481251350169,0.19076815876713443,0.19018011082865302,0.04783533079034131,0.0431724824924384,0.04716860948517959,0.04257264690528703,0.04716076302242269,0.06,0.047535351942104294,0.24980367397353317,0.19076815876713443,0.04783533079034131,0.011665645209713471,0.4093803696878295,0.2794021023119436,0.23860348955747573,469.10738380451403
0.0005601836913123134,0.0007864692533460497,0.1908145047771908,0.1902834942376565,0.047845432960323765,0.043313863977169687,0.047192670379575634,0.04272554959142599,0.04719003816734677,0.06,0.04754362596374097,0.24991021385646847,0.1908145047771908,0.047845432960323765,0.011657791950260125,0.40944680326418464,0.279447443227806,0.23865993773751457,478.78911556306593
0.0005685549213729635,0.0007057195194862127,0.1908560970743948,0.1903768189535973,0.04785449895016417,0.043449374467551864,0.04721560798893902,0.04287259254986206,0.04720824894209255,0.06,0.04756127555276009,0.2500206383579105,0.1908560970743948,0.04785449895016417,0.0116509974140222,0.4095064227448848,0.27948813352338386,0.23871059602455896,488.4699123056489
0.0005760688632734977,0.0006332417631528852,0.19089342866965825,0.19046104026511917,0.04786263622283573,0.04357933089748263,0.047237492238520834,0.04301405296479589,0.04723532298445146,0.06,0.0475709179515754,0.25010469947581115,0.19089342866965825,0.04786263622283573,0.011645262619425993,0.4095599348245952,0.2795246555177862,0.23875606489249399,498.15158896429966
0.0005774132918350931,0.0006202739626317107,0.19090010808007332,0.19047615619229138,0.047864092152684126,0.043603532496091515,0.047241555533928,0.04304044450540069,0.04723796752087256,0.06,0.0475749052482255,0.2501234350675255,0.19090010808007332,0.047864092152684126,0.011644257079321024,0.4095695092652272,0.27953119007351757,0.23876420023275746,500.0
